<Backups xmlns="http://www.microsoft.com/GroupPolicy/GPOOperations/Manifest" xmlns:mfst="http://www.microsoft.com/GroupPolicy/GPOOperations/Manifest" mfst:version="1.0"><BackupInst><GPOGuid><![CDATA[{4B366F0D-CB82-498F-881D-E7D6C6DD222E}]]></GPOGuid><GPODomain><![CDATA[contoso.com]]></GPODomain><GPODomainGuid><![CDATA[{4ed5aa41-5d44-45b5-88c3-01390ab47a79}]]></GPODomainGuid><GPODomainController><![CDATA[sgazlabdc01.contoso.com]]></GPODomainController><BackupTime><![CDATA[2020-02-11T14:01:43]]></BackupTime><ID><![CDATA[{7A6C0832-3EDC-48EA-A2C9-FE47364E93C5}]]></ID><Comment><![CDATA[]]></Comment><GPODisplayName><![CDATA[Auditing]]></GPODisplayName></BackupInst></Backups>